name,ats,slug,host,site,segment,hq
Abbott,workday,abbott,abbott.wd5.myworkdayjobs.com,abbottcareers,large-medtech,"Abbott Park, IL"
Accuray,workday,accuray,accuray.wd5.myworkdayjobs.com,External,large-medtech,"Madison, WI"
Alcon,workday,alcon,alcon.wd5.myworkdayjobs.com,careers_alcon,large-medtech,"Geneva, CH / Fort Worth, TX"
AtriCure,greenhouse,atricure,,,large-medtech,"Mason, OH"
Baxter,workday,baxter,baxter.wd1.myworkdayjobs.com,baxter,large-medtech,"Deerfield, IL"
BD (Becton Dickinson),workday,bdx,bdx.wd1.myworkdayjobs.com,EXTERNAL_CAREER_SITE_USA,large-medtech,"Franklin Lakes, NJ"
Boston Scientific,eightfold,bostonscientific.com,bostonscientific.eightfold.ai,,large-medtech,"Marlborough, MA"
Cardinal Health,workday,cardinalhealth,cardinalhealth.wd1.myworkdayjobs.com,EXT,large-medtech,"Dublin, OH"
CONMED,workday,conmed,conmed.wd5.myworkdayjobs.com,CONMED,large-medtech,"Largo, FL"
Convatec,workday,convatec,convatec.wd1.myworkdayjobs.com,Convatec,large-medtech,"London, UK / Lexington, MA"
CooperCompanies,oracle,,hcjy.fa.us2.oraclecloud.com,CX_1,large-medtech,"San Ramon, CA"
Dexcom,workday,dexcom,dexcom.wd1.myworkdayjobs.com,Dexcom,large-medtech,"San Diego, CA"
Edwards Lifesciences,workday,edwards,edwards.wd5.myworkdayjobs.com,EdwardsCareers,large-medtech,"Irvine, CA"
Elekta,workday,elekta,elekta.wd3.myworkdayjobs.com,Elekta_Careers,large-medtech,"Stockholm, SE / Atlanta, GA"
Embecta,workday,embecta,embecta.wd1.myworkdayjobs.com,embectacareers,large-medtech,"Parsippany, NJ"
Enovis,workday,enovis,enovis.wd5.myworkdayjobs.com,enovis,large-medtech,"Wilmington, DE"
Envista,workday,envista,envista.wd1.myworkdayjobs.com,EnvistaCareers,large-medtech,"Brea, CA"
Fresenius Medical Care,workday,freseniusmedicalcare,freseniusmedicalcare.wd3.myworkdayjobs.com,fme,large-medtech,"Bad Homburg, DE / Waltham, MA"
GE HealthCare,workday,gehc,gehc.wd5.myworkdayjobs.com,GEHC_ExternalSite,large-medtech,"Chicago, IL"
Glaukos,oracle,,ekpl.fa.us6.oraclecloud.com,CX_3001,large-medtech,"Aliso Viejo, CA"
Globus Medical,workday,globusmedical,globusmedical.wd5.myworkdayjobs.com,GMED_Careers,large-medtech,"Audubon, PA"
Haemonetics,workday,haemonetics,haemonetics.wd5.myworkdayjobs.com,HAE,large-medtech,"Boston, MA"
Hologic,oracle,,ebwb.fa.us2.oraclecloud.com,CX,large-medtech,"Marlborough, MA"
ICU Medical,oracle,,eduu.fa.us2.oraclecloud.com,CX_1,large-medtech,"San Clemente, CA"
Insulet,workday,insulet,insulet.wd5.myworkdayjobs.com,insuletcareers,large-medtech,"Acton, MA"
Integer Holdings,workday,integer,integer.wd1.myworkdayjobs.com,External,large-medtech,"Plano, TX"
Integra LifeSciences,workday,integralife,integralife.wd1.myworkdayjobs.com,careers,large-medtech,"Princeton, NJ"
Intuitive Surgical,smartrecruiters,Intuitive,,,large-medtech,"Sunnyvale, CA"
iRhythm Technologies,workday,irhythmtech,irhythmtech.wd5.myworkdayjobs.com,irhythm,large-medtech,"San Francisco, CA"
Johnson & Johnson (J&J MedTech),workday,jj,jj.wd5.myworkdayjobs.com,JJ,large-medtech,"New Brunswick, NJ"
LivaNova,workday,livanova,livanova.wd5.myworkdayjobs.com,Search,large-medtech,"London, UK / Houston, TX"
Medline,workday,medline,medline.wd5.myworkdayjobs.com,Medline,large-medtech,"Northfield, IL"
Medtronic,workday,medtronic,medtronic.wd1.myworkdayjobs.com,MedtronicCareers,large-medtech,"Minneapolis, MN / Dublin, IE"
Merit Medical,workday,merit,merit.wd503.myworkdayjobs.com,Merit,large-medtech,"South Jordan, UT"
Nevro (Globus Medical),workday,globusmedical,globusmedical.wd5.myworkdayjobs.com,NVRO_Careers,large-medtech,"Redwood City, CA"
Orthofix,workday,orthofix,orthofix.wd1.myworkdayjobs.com,External_Careers,large-medtech,"Lewisville, TX"
Owens & Minor,workday,owensminor,owensminor.wd1.myworkdayjobs.com,OMCareers,large-medtech,"Mechanicsville, VA"
Penumbra,lever,penumbrainc,,,large-medtech,"Alameda, CA"
Philips,workday,philips,philips.wd3.myworkdayjobs.com,jobs-and-careers,large-medtech,"Amsterdam, NL / Cambridge, MA"
ResMed,workday,resmed,resmed.wd3.myworkdayjobs.com,ResMed_External_Careers,large-medtech,"San Diego, CA"
Siemens Healthineers,workday,onehealthineers,onehealthineers.wd3.myworkdayjobs.com,SHSJB,large-medtech,"Malvern, PA"
Smith+Nephew,workday,smithnephew,smithnephew.wd5.myworkdayjobs.com,External,large-medtech,"Watford, UK / Fort Worth, TX"
Solventum (former 3M Health Care),workday,healthcare,healthcare.wd1.myworkdayjobs.com,Search,large-medtech,"St. Paul, MN"
STERIS,phenom,,careers.steris.com,en_us/us,large-medtech,"Mentor, OH"
Stryker,workday,stryker,stryker.wd1.myworkdayjobs.com,StrykerCareers,large-medtech,"Kalamazoo, MI"
Tandem Diabetes Care,workday,tandemdiabetes,tandemdiabetes.wd12.myworkdayjobs.com,tandemdiabetes,large-medtech,"San Diego, CA"
Terumo,workday,terumo,terumo.wd3.myworkdayjobs.com,External,large-medtech,"Tokyo, JP / Somerset, NJ"
Zimmer Biomet,phenom,,careers.zimmerbiomet.com,en_us/us,large-medtech,"Warsaw, IN"
Anteris Technologies,greenhouse,anteristech,,,medtech-growth,"Eagan, MN"
Axogen,greenhouse,axogen,,,medtech-growth,"Alachua, FL"
Beacon Biosignals,greenhouse,beaconbiosignals,,,medtech-growth,"Boston, MA"
BioIntelliSense,lever,biointellisense,,,medtech-growth,"Golden, CO"
Butterfly Network,greenhouse,butterflynetwork,,,medtech-growth,"Burlington, MA"
Cala Health,greenhouse,calahealth,,,medtech-growth,"San Mateo, CA"
Capstan Medical,lever,capstan-medical,,,medtech-growth,"Santa Cruz, CA"
CardioSense,lever,cardiosense,,,medtech-growth,"Chicago, IL"
Ceribell,greenhouse,ceribell,,,medtech-growth,"Sunnyvale, CA"
Dandy,ashby,dandy,,,medtech-growth,"New York, NY"
Distalmotion,workable,distalmotion,,,medtech-growth,"Lausanne, Switzerland / Cincinnati, OH"
Echo Neurotechnologies,greenhouse,echo,,,medtech-growth,"San Francisco, CA"
Eko Health,lever,ekohealth,,,medtech-growth,"Emeryville, CA"
Element Science,greenhouse,elementscience,,,medtech-growth,"Redwood City, CA"
HeartFlow,greenhouse,heartflowinc,,,medtech-growth,"Mountain View, CA"
Hike Medical,ashby,hike-medical,,,medtech-growth,"San Francisco, CA"
Horizon Surgical Systems,greenhouse,horizonsurgicalsystems,,,medtech-growth,"Santa Barbara, CA"
Inspire Medical Systems,greenhouse,inspiremedicalsystemsinc,,,medtech-growth,"Minneapolis, MN"
Jupiter Endovascular,greenhouse,jupiterendovascular,,,medtech-growth,"Menlo Park, CA"
Lexington Medical,greenhouse,lexingtonmedical,,,medtech-growth,"Bedford, MA"
Motif Neurotech,greenhouse,motifneurotech,,,medtech-growth,"Houston, TX"
Neko Health,ashby,neko-health,,,medtech-growth,"Stockholm, Sweden"
Neptune Medical,greenhouse,neptunemedical,,,medtech-growth,"Burlingame, CA"
Neuralink,greenhouse,neuralink,,,medtech-growth,"Fremont, CA"
NeuroPace,greenhouse,neuropace,,,medtech-growth,"Mountain View, CA"
Noah Medical,greenhouse,noahmedical,,,medtech-growth,"San Carlos, CA"
Optain Health,greenhouse,optainhealth,,,medtech-growth,"Sunnyvale, CA"
Osteal Therapeutics,lever,OstealTherapeutics,,,medtech-growth,"Dallas, TX"
Oura,greenhouse,oura,,,medtech-growth,"San Francisco, CA / Oulu, Finland"
Outset Medical,greenhouse,outsetmedical,,,medtech-growth,"San Jose, CA"
PROCEPT BioRobotics,workday,proceptbiorobotics,proceptbiorobotics.wd108.myworkdayjobs.com,PROCEPT,medtech-growth,"San Jose, CA"
Pulse Biosciences,greenhouse,pulsebiosciences,,,medtech-growth,"Hayward, CA"
Remedy Robotics,ashby,remedyrobotics,,,medtech-growth,"San Francisco, CA"
RxSight,smartrecruiters,rxsight,,,medtech-growth,"Aliso Viejo, CA"
StemWave,ashby,stemwave,,,medtech-growth,"Woburn, MA"
Surmodics,greenhouse,surmodics,,,medtech-growth,"Eden Prairie, MN"
Third Pole,greenhouse,thirdpoleinc,,,medtech-growth,"Waltham, MA"
Treace Medical Concepts,smartrecruiters,treace,,,medtech-growth,"Ponte Vedra, FL"
WHOOP,ashby,whoop,,,medtech-growth,"Boston, MA"
Willow Innovations,greenhouse,willowinnovations,,,medtech-growth,"Mountain View, CA"
Adaptive Biotechnologies,greenhouse,adaptivebiotechnologies,,,diagnostics-lifesci-tools,"Seattle, WA"
Agilent Technologies,workday,agilent,agilent.wd5.myworkdayjobs.com,Agilent_Careers,diagnostics-lifesci-tools,"Santa Clara, CA"
Aspect Biosystems (bioprinted tissue),greenhouse,aspectbiosystems,,,diagnostics-lifesci-tools,"Vancouver, BC, Canada"
Azenta Life Sciences,workday,azenta,azenta.wd1.myworkdayjobs.com,AzentaJobs,diagnostics-lifesci-tools,"Burlington, MA"
BillionToOne,greenhouse,billiontoone,,,diagnostics-lifesci-tools,"Menlo Park, CA"
Bio-Techne,workday,biotechne,biotechne.wd5.myworkdayjobs.com,Biotechne,diagnostics-lifesci-tools,"Minneapolis, MN"
"Carbon, Inc. (3D printing incl. medical/dental)",greenhouse,carbon,,,diagnostics-lifesci-tools,"Redwood City, CA"
Cellanome,greenhouse,cellanome,,,diagnostics-lifesci-tools,"Foster City, CA"
"Danaher (Cepheid, Abcam, Beckman Coulter, Leica Biosystems, Cytiva, IDT, Molecular Devices)",workday,danaher,danaher.wd1.myworkdayjobs.com,DanaherJobs,diagnostics-lifesci-tools,"Washington, DC"
DELFI Diagnostics,lever,delfidiagnostics,,,diagnostics-lifesci-tools,"Baltimore, MD / Palo Alto, CA"
DNA Script,greenhouse,dnascript,,,diagnostics-lifesci-tools,"Kremlin-Bicetre, France / South San Francisco, CA"
Element Biosciences,greenhouse,elementbiosciences,,,diagnostics-lifesci-tools,"San Diego, CA"
Formlabs,greenhouse,formlabs,,,diagnostics-lifesci-tools,"Somerville, MA"
Freenome,greenhouse,freenome,,,diagnostics-lifesci-tools,"Brisbane, CA"
Genalyte,lever,genalyte,,,diagnostics-lifesci-tools,"San Diego, CA"
Ginkgo Bioworks,greenhouse,ginkgobioworks,,,diagnostics-lifesci-tools,"Boston, MA"
GRAIL,lever,grailbio,,,diagnostics-lifesci-tools,"Menlo Park, CA"
Guardant Health,workday,gh,gh.wd1.myworkdayjobs.com,gh,diagnostics-lifesci-tools,"Palo Alto, CA"
Illumina,workday,illumina,illumina.wd1.myworkdayjobs.com,illumina-careers,diagnostics-lifesci-tools,"San Diego, CA"
Karius,lever,kariusdx,,,diagnostics-lifesci-tools,"Redwood City, CA"
MilliporeSigma (EMD),phenom,,careers.emdgroup.com,en_us/us,diagnostics-lifesci-tools,"Burlington, MA"
MyOme,greenhouse,myome,,,diagnostics-lifesci-tools,"Menlo Park, CA"
Myriad Genetics,smartrecruiters,myriadgenetics1,,,diagnostics-lifesci-tools,"Salt Lake City, UT"
Natera,greenhouse,natera,,,diagnostics-lifesci-tools,"Austin, TX"
Nautilus Biotechnology,ashby,Nautilus Biotechnology,,,diagnostics-lifesci-tools,"Seattle, WA"
Ossium Health,greenhouse,ossiumhealth,,,diagnostics-lifesci-tools,"San Francisco, CA / Indianapolis, IN"
PacBio,workday,pacbio,pacbio.wd12.myworkdayjobs.com,PacBio-,diagnostics-lifesci-tools,"Menlo Park, CA"
Parse Biosciences,greenhouse,parsebiosciences,,,diagnostics-lifesci-tools,"Seattle, WA"
PathAI,greenhouse,pathai,,,diagnostics-lifesci-tools,"Boston, MA"
Personalis,greenhouse,personalisinc,,,diagnostics-lifesci-tools,"Fremont, CA"
PolyNovo (biodegradable polymer dermal scaffolds),greenhouse,polynovo,,,diagnostics-lifesci-tools,"Melbourne, Australia (US ops)"
QIAGEN,workday,qiagen,qiagen.wd502.myworkdayjobs.com,QIAGEN,diagnostics-lifesci-tools,"Venlo, Netherlands / Germantown, MD"
QuidelOrtho,workday,orthoclinical,orthoclinical.wd1.myworkdayjobs.com,Search,diagnostics-lifesci-tools,"San Diego, CA / Raritan, NJ"
Repligen (bioprocessing),workday,repligen,repligen.wd108.myworkdayjobs.com,Repligen_Careers,diagnostics-lifesci-tools,"Waltham, MA"
Revvity,workday,revvity,revvity.wd103.myworkdayjobs.com,External,diagnostics-lifesci-tools,"Waltham, MA"
Roche (incl. Roche Diagnostics),workday,roche,roche.wd3.myworkdayjobs.com,roche-ext,diagnostics-lifesci-tools,"Basel, Switzerland / Indianapolis, IN (Diagnostics US)"
Sartorius,workday,sartorius,sartorius.wd3.myworkdayjobs.com,sartoriuscareers,diagnostics-lifesci-tools,"Goettingen, Germany / Bohemia, NY"
Seer Inc.,greenhouse,seer,,,diagnostics-lifesci-tools,"Redwood City, CA"
Singular Genomics,greenhouse,singulargenomics,,,diagnostics-lifesci-tools,"San Diego, CA"
Standard BioTools,workday,standardbiotools,standardbiotools.wd5.myworkdayjobs.com,External,diagnostics-lifesci-tools,"South San Francisco, CA"
Synthego,lever,synthego,,,diagnostics-lifesci-tools,"Redwood City, CA"
Tempus AI,workday,tempus,tempus.wd5.myworkdayjobs.com,Tempus_Careers,diagnostics-lifesci-tools,"Chicago, IL"
Thermo Fisher Scientific,workday,thermofisher,thermofisher.wd5.myworkdayjobs.com,ThermoFisherCareers,diagnostics-lifesci-tools,"Waltham, MA"
Twist Bioscience,greenhouse,twistbioscience,,,diagnostics-lifesci-tools,"South San Francisco, CA"
Ultima Genomics,greenhouse,ultimagenomics,,,diagnostics-lifesci-tools,"Fremont, CA"
Veracyte,greenhouse,veracyte,,,diagnostics-lifesci-tools,"South San Francisco, CA"
Visby Medical,lever,visby,,,diagnostics-lifesci-tools,"San Jose, CA"
Vivodyne (lab-grown human tissue),greenhouse,vivodyne,,,diagnostics-lifesci-tools,"Philadelphia, PA"
AbbVie,smartrecruiters,AbbVie,,,biopharma,"North Chicago, IL"
AbCellera,greenhouse,abcellera,,,biopharma,"Vancouver, BC"
Absci,ashby,absci,,,biopharma,"Vancouver, WA"
Alector,lever,alector,,,biopharma,"South San Francisco, CA"
Alumis,greenhouse,alumis,,,biopharma,"South San Francisco, CA"
Amgen,workday,amgen,amgen.wd1.myworkdayjobs.com,Careers,biopharma,"Thousand Oaks, CA"
argenx,workday,argenx,argenx.wd3.myworkdayjobs.com,External_Careers,biopharma,"Ghent, Belgium / Boston, MA"
Asimov,ashby,asimov,,,biopharma,"Boston, MA"
AskBio (Bayer),workday,askbio,askbio.wd12.myworkdayjobs.com,AskBio,biopharma,"Research Triangle Park, NC"
AstraZeneca,workday,astrazeneca,astrazeneca.wd3.myworkdayjobs.com,Careers,biopharma,"Cambridge, UK / Wilmington, DE"
Bavarian Nordic,workday,bavariannordic,bavariannordic.wd103.myworkdayjobs.com,BavarianNordic,biopharma,"Hellerup, Denmark / Durham, NC"
Beam Therapeutics,greenhouse,beamtherapeutics,,,biopharma,"Cambridge, MA"
BeiGene (BeOne Medicines),workday,beigene,beigene.wd5.myworkdayjobs.com,BeiGene,biopharma,"Basel, Switzerland / San Mateo, CA"
Biogen,workday,biibhr,biibhr.wd3.myworkdayjobs.com,external,biopharma,"Cambridge, MA"
Bristol Myers Squibb,workday,bristolmyerssquibb,bristolmyerssquibb.wd5.myworkdayjobs.com,BMS,biopharma,"Princeton, NJ"
Catalent,workday,catalent,catalent.wd1.myworkdayjobs.com,External,biopharma,"Somerset, NJ"
CSL (CSL Behring / Seqirus),workday,csl,csl.wd1.myworkdayjobs.com,CSL_External,biopharma,"Melbourne, Australia / King of Prussia, PA"
Culture Biosciences,greenhouse,culturebiosciences,,,biopharma,"South San Francisco, CA"
Elanco Animal Health,workday,elanco,elanco.wd5.myworkdayjobs.com,External_Career,biopharma,"Indianapolis, IN"
ElevateBio,greenhouse,elevatebio,,,biopharma,"Waltham, MA"
Eli Lilly,workday,lilly,lilly.wd115.myworkdayjobs.com,LLY,biopharma,"Indianapolis, IN"
Exelixis,workday,exelixis,exelixis.wd1.myworkdayjobs.com,Exel,biopharma,"Alameda, CA"
Fate Therapeutics,lever,fatetherapeutics,,,biopharma,"San Diego, CA"
Forge Biologics,greenhouse,forgebiologics,,,biopharma,"Columbus, OH"
Genentech,workday,roche,roche.wd3.myworkdayjobs.com,ROG-A2O-GENE,biopharma,"South San Francisco, CA"
Generate Biomedicines,greenhouse,generatebiomedicines,,,biopharma,"Somerville, MA"
GenScript / ProBio,greenhouse,genscript,,,biopharma,"Piscataway, NJ"
Gilead Sciences,workday,gilead,gilead.wd1.myworkdayjobs.com,gileadcareers,biopharma,"Foster City, CA"
GSK,workday,gsk,gsk.wd5.myworkdayjobs.com,GSKCareers,biopharma,"London, UK / Philadelphia, PA"
Halozyme,workday,halozyme,halozyme.wd115.myworkdayjobs.com,halozymecareers,biopharma,"San Diego, CA"
insitro,ashby,insitro,,,biopharma,"South San Francisco, CA"
Intellia Therapeutics,workday,intelliatx,intelliatx.wd1.myworkdayjobs.com,intelliatxcareers,biopharma,"Cambridge, MA"
Iovance Biotherapeutics,greenhouse,iovancebiotherapeutics,,,biopharma,"San Carlos, CA / Philadelphia, PA"
Jazz Pharmaceuticals,workday,vhr_jazz,vhr-jazz.wd1.myworkdayjobs.com,JazzPharmaceuticals,biopharma,"Dublin, Ireland / Palo Alto, CA"
Kite Pharma (Gilead),workday,gilead,gilead.wd1.myworkdayjobs.com,kitepharmacareers,biopharma,"Santa Monica, CA"
Landmark Bio,lever,landmarkbio,,,biopharma,"Watertown, MA"
Legend Biotech,smartrecruiters,legendbiotech,,,biopharma,"Somerset, NJ"
Lonza,workday,lonza,lonza.wd3.myworkdayjobs.com,Lonza_Careers,biopharma,"Basel, Switzerland"
Lyell Immunopharma,greenhouse,lyellimmunopharma,,,biopharma,"South San Francisco, CA"
Merck & Co. (MSD),workday,msd,msd.wd5.myworkdayjobs.com,SearchJobs,biopharma,"Rahway, NJ"
Moderna,workday,modernatx,modernatx.wd1.myworkdayjobs.com,M_tx,biopharma,"Cambridge, MA"
Multiply Labs,lever,multiplylabs,,,biopharma,"San Francisco, CA"
Neurocrine Biosciences,workday,neurocrine,neurocrine.wd5.myworkdayjobs.com,Neurocrinecareers,biopharma,"San Diego, CA"
Novartis,workday,novartis,novartis.wd3.myworkdayjobs.com,Novartis_Careers,biopharma,"Basel, Switzerland / East Hanover, NJ"
Novavax,workday,novavax,novavax.wd1.myworkdayjobs.com,Careers,biopharma,"Gaithersburg, MD"
Organon,workday,organon,organon.wd5.myworkdayjobs.com,SearchJobs,biopharma,"Jersey City, NJ"
Pfizer,workday,pfizer,pfizer.wd1.myworkdayjobs.com,PfizerCareers,biopharma,"New York, NY"
Pivot Bio,greenhouse,pivotbio,,,biopharma,"Berkeley, CA"
Prime Medicine,greenhouse,primemedicine,,,biopharma,"Cambridge, MA"
Recursion Pharmaceuticals,greenhouse,recursionpharmaceuticals,,,biopharma,"Salt Lake City, UT"
Regeneron,workday,regeneron,regeneron.wd1.myworkdayjobs.com,Careers,biopharma,"Tarrytown, NY"
Relay Therapeutics,greenhouse,relaytherapeutics,,,biopharma,"Cambridge, MA"
Resilience (National Resilience),workday,resilience,resilience.wd1.myworkdayjobs.com,Resilience_Careers,biopharma,"San Diego, CA"
Sana Biotechnology,greenhouse,sanabiotech,,,biopharma,"Seattle, WA"
Sanofi,workday,sanofi,sanofi.wd3.myworkdayjobs.com,SanofiCareers,biopharma,"Paris, France / Morristown, NJ"
Sarepta Therapeutics,workday,sarepta,sarepta.wd5.myworkdayjobs.com,sarepta_external,biopharma,"Cambridge, MA"
Takeda,workday,takeda,takeda.wd502.myworkdayjobs.com,External,biopharma,"Tokyo, Japan / Cambridge, MA"
Tessera Therapeutics,greenhouse,tesseratherapeutics,,,biopharma,"Somerville, MA"
Umoja Biopharma,greenhouse,umojabiopharma,,,biopharma,"Seattle, WA / Louisville, CO"
United Therapeutics,workday,vhr_unither,vhr-unither.wd5.myworkdayjobs.com,External,biopharma,"Silver Spring, MD / Research Triangle Park, NC"
Vaxcyte,greenhouse,vaxcyte,,,biopharma,"San Carlos, CA"
Vertex Pharmaceuticals,workday,vrtx,vrtx.wd501.myworkdayjobs.com,vertex_careers,biopharma,"Boston, MA"
Zoetis,workday,zoetis,zoetis.wd5.myworkdayjobs.com,zoetis,biopharma,"Parsippany, NJ"
AGC Biologics,workday,agcbio,agcbio.wd5.myworkdayjobs.com,agcbio_careers,cdmo-contract-mfg,"Bothell, WA"
Avantor,workday,vwr,vwr.wd1.myworkdayjobs.com,avantorJobs,cdmo-contract-mfg,"Radnor, PA"
BioAgilytix,lever,bioagilytix,,,cdmo-contract-mfg,"Durham, NC"
Curia,oracle,,hcug.fa.us2.oraclecloud.com,CX_2001,cdmo-contract-mfg,"Albany, NY"
DuPont (Liveo / Spectrum medical),workday,dupont,dupont.wd5.myworkdayjobs.com,Jobs,cdmo-contract-mfg,"Wilmington, DE"
Eurofins (incl. medical device/pharma testing),smartrecruiters,eurofins,,,cdmo-contract-mfg,"Luxembourg (US: Lancaster, PA)"
Flex,workday,flextronics,flextronics.wd1.myworkdayjobs.com,Careers,cdmo-contract-mfg,"Austin, TX"
Freudenberg (incl. Freudenberg Medical),workday,freudenberg,freudenberg.wd3.myworkdayjobs.com,freudenberg-group,cdmo-contract-mfg,"Weinheim, Germany (Medical US: Carpinteria CA / Beverly MA)"
FUJIFILM Biotechnologies (Diosynth),workday,fujifilm,fujifilm.wd3.myworkdayjobs.com,FLB_CS,cdmo-contract-mfg,"Holly Springs / RTP, NC; College Station, TX"
Genezen,greenhouse,genezenlabs,,,cdmo-contract-mfg,"Indianapolis, IN"
Gerresheimer,smartrecruiters,gerresheimer,,,cdmo-contract-mfg,"Duesseldorf, Germany (US: Vineland NJ / Peachtree City GA)"
Jabil (incl. Healthcare),workday,jabil,jabil.wd5.myworkdayjobs.com,Jabil_Careers,cdmo-contract-mfg,"St. Petersburg, FL"
KBI Biopharma (JSR),workday,jsrglobal,jsrglobal.wd1.myworkdayjobs.com,KBI_Biopharma,cdmo-contract-mfg,"Durham, NC"
Nemera,smartrecruiters,Nemera,,,cdmo-contract-mfg,"La Verpilliere, France (US: Buffalo Grove, IL)"
Nordson (incl. Nordson Medical),workday,nordsonhcm,nordsonhcm.wd501.myworkdayjobs.com,nordsoncareers,cdmo-contract-mfg,"Westlake, OH"
PCI Pharma Services,workday,pciservices,pciservices.wd1.myworkdayjobs.com,External,cdmo-contract-mfg,"Philadelphia, PA"
Piramal Pharma Solutions,workday,piramalpharma,piramalpharma.wd102.myworkdayjobs.com,PIRAMAL_EXTERNAL_CAREERS,cdmo-contract-mfg,"Mumbai, India (US: Lexington KY / Riverview MI)"
Samsung Biologics America,workday,sba,sba.wd102.myworkdayjobs.com,SBACareers,cdmo-contract-mfg,"Incheon, Korea (US: Princeton, NJ)"
SGS (health sciences / device testing),smartrecruiters,sgs,,,cdmo-contract-mfg,"Geneva, Switzerland"
Sharp Services (packaging/clinical supply CDMO),workday,sharpservices,sharpservices.wd3.myworkdayjobs.com,Sharp,cdmo-contract-mfg,"Bethlehem / Allentown, PA"
Siegfried,workday,siegfried,siegfried.wd103.myworkdayjobs.com,external,cdmo-contract-mfg,"Zofingen, Switzerland (US: Pennsville, NJ)"
Simtra BioPharma Solutions,greenhouse,simtrabps,,,cdmo-contract-mfg,"Bloomington, IN"
"Sotera Health (Sterigenics, Nelson Labs)",workday,soterahealth,soterahealth.wd501.myworkdayjobs.com,External,cdmo-contract-mfg,"Broadview Heights, OH"
3M,workday,3m,3m.wd1.myworkdayjobs.com,Search,georgia-local,"St. Paul, MN (GA, TN, SC sites)"
IQVIA,workday,iqvia,iqvia.wd1.myworkdayjobs.com,IQVIA,georgia-local,"Durham, NC"
Kimberly-Clark,workday,kimberlyclark,kimberlyclark.wd1.myworkdayjobs.com,GLOBAL,georgia-local,"Irving, TX (Roswell/Atlanta GA; Beech Island SC; Loudon TN)"
Labcorp,workday,labcorp,labcorp.wd1.myworkdayjobs.com,External,georgia-local,"Burlington, NC"
Locus Biosciences,recruitee,locusbiosciences,,,georgia-local,"Research Triangle Park, NC"
Mallinckrodt,workday,mallinckrodt,mallinckrodt.wd5.myworkdayjobs.com,MallinckrodtCareers,georgia-local,"Dublin / Raleigh NC area; SC, FL sites"
The Coca-Cola Company,workday,coke,coke.wd1.myworkdayjobs.com,coca-cola-careers,georgia-local,"Atlanta, GA"
UCB,phenom,,careers.ucb.com,en_global/global,georgia-local,"Smyrna, GA (US HQ)"
Vero Biotech,smartrecruiters,verobiotech,,,georgia-local,"Atlanta, GA"
